{"hmrc-frontend":{"6.64.0":{"meta":{"description":"HMRC Frontend contains the code and documentation for patterns specifically designed for HMRC.","urls":{"documentation":"https://design.tax.service.gov.uk/hmrc-design-patterns/","releaseNotes":"https://github.com/hmrc/hmrc-frontend/releases/tag/v{{version}}","versionHistory":"https://github.com/hmrc/hmrc-frontend/releases"}},"pluginDependencies":[{"packageName":"govuk-frontend","minVersion":"5.9.0"}],"assets":["/hmrc/components/account-menu/images","/hmrc/components/banner/images","/hmrc/components/internal-header/images"],"sass":["/hmrc/_prototype-kit.scss"],"scripts":["/hmrc/all.js","/hmrc/init-all.js"],"importNunjucksMacrosInto":["/hmrc/templates/account-header.html"],"templates":[{"name":"Blank page with Account Header","path":"/hmrc/templates/account-header.html","type":"nunjucks"}],"nunjucksPaths":["/"],"nunjucksMacros":[{"macroName":"hmrcAccessibleAutocomplete","importFrom":"hmrc/components/accessible-autocomplete/macro.njk"},{"macroName":"hmrcAccountMenu","importFrom":"hmrc/components/account-menu/macro.njk"},{"macroName":"hmrcAddToAList","importFrom":"hmrc/components/add-to-a-list/macro.njk"},{"macroName":"hmrcBanner","importFrom":"hmrc/components/banner/macro.njk"},{"macroName":"hmrcCharacterCount","importFrom":"hmrc/components/character-count/macro.njk"},{"macroName":"hmrcCurrencyInput","importFrom":"hmrc/components/currency-input/macro.njk"},{"macroName":"hmrcFooter","importFrom":"hmrc/components/footer/macro.njk"},{"macroName":"hmrcHeader","importFrom":"hmrc/components/header/macro.njk"},{"macroName":"hmrcInternalHeader","importFrom":"hmrc/components/internal-header/macro.njk"},{"macroName":"hmrcLanguageSelect","importFrom":"hmrc/components/language-select/macro.njk"},{"macroName":"hmrcListWithActions","importFrom":"hmrc/components/list-with-actions/macro.njk"},{"macroName":"hmrcNewTabLink","importFrom":"hmrc/components/new-tab-link/macro.njk"},{"macroName":"hmrcNotificationBadge","importFrom":"hmrc/components/notification-badge/macro.njk"},{"macroName":"hmrcPageHeading","importFrom":"hmrc/components/page-heading/macro.njk"},{"macroName":"hmrcReportTechnicalIssue","importFrom":"hmrc/components/report-technical-issue/macro.njk"},{"macroName":"hmrcTimeline","importFrom":"hmrc/components/timeline/macro.njk"},{"macroName":"hmrcTimeoutDialog","importFrom":"hmrc/components/timeout-dialog/macro.njk"},{"macroName":"hmrcUserResearchBanner","importFrom":"hmrc/components/user-research-banner/macro.njk"}]}},"@govuk-prototype-kit/step-by-step":{"2.2.3":{"meta":{"description":"This plugin provides the code to use the GOV.UK Step by step pattern in prototypes","urls":{"versionHistory":"https://github.com/alphagov/govuk-prototype-kit-step-by-step/blob/main/CHANGELOG.md"}},"pluginDependencies":[{"packageName":"govuk-frontend","minVersion":"3.12.0"}],"sass":["/sass/_step-by-step-navigation.scss","/sass/_step-by-step-navigation-header.scss","/sass/_step-by-step-navigation-related.scss"],"scripts":["/javascripts/step-by-step-navigation.js","/javascripts/step-by-step-polyfills.js"],"templates":[{"name":"Step by step navigation page","path":"/templates/step-by-step-navigation.html","type":"nunjucks"},{"name":"Start page with step by step","path":"/templates/start-with-step-by-step.html","type":"nunjucks"}]}},"@govuk-prototype-kit/task-list":{"2.0.0":{"meta":{"description":"This plugin is deprecated and Task list is now included in GOV.UK Frontend v5.0.0. Uninstall and use the latest ‘Common Templates’ plugin instead, unless GOV.UK Frontend v4 support is needed.","urls":{"versionHistory":"https://github.com/alphagov/govuk-prototype-kit-task-list/blob/main/CHANGELOG.md"}},"pluginDependencies":[{"packageName":"govuk-frontend","minVersion":"3.12.0","maxVersion":"4.7.0"}],"sass":["/sass/_task-list.scss"],"templates":[{"name":"Task list page","path":"/templates/task-list.html","type":"nunjucks"}]}}}
